"Lead ID","Lead Pack",Phone,"Area Code","First Name","Last Name","Street Address 1","Street Address 2",City,County,State,Zip
1540,1315899355_test.csv,"5102345519",510,"MCVAY               ","DANIEL              ","5865 BERNHARD AVE                       ","               ","RICHMOND                    ","CONTRA COSTA             ",CA,94805
1533,1315899355_test.csv,"5106565710",510,"FINNEY              ","ALBERT              ","39333 SUNDALE DR                        ","               ","FREMONT                     ","ALAMEDA                  ",CA,94538
1546,1315899355_test.csv,"5106238281",510,"RAY                 ","LEE                 ","39612 BANYAN TREE RD                    ","               ","FREMONT                     ","ALAMEDA                  ",CA,94538
744,1315899202_test.csv,"5102345519",510,"MCVAY               ","DANIEL              ","5865 BERNHARD AVE                       ","               ","RICHMOND                    ","CONTRA COSTA             ",CA,94805
943,1315899225_test.csv,"5102345519",510,"MCVAY               ","DANIEL              ","5865 BERNHARD AVE                       ","               ","RICHMOND                    ","CONTRA COSTA             ",CA,94805
690,1315899202_test.csv,"5106528857",510,"SUSAN               ","TIERNEY             ","5270 HARBORD DR                         ","               ","OAKLAND                     ","ALAMEDA                  ",CA,94618
889,1315899225_test.csv,"5106528857",510,"SUSAN               ","TIERNEY             ","5270 HARBORD DR                         ","               ","OAKLAND                     ","ALAMEDA                  ",CA,94618
1486,1315899355_test.csv,"5106528857",510,"SUSAN               ","TIERNEY             ","5270 HARBORD DR                         ","               ","OAKLAND                     ","ALAMEDA                  ",CA,94618
949,1315899225_test.csv,"5106238281",510,"RAY                 ","LEE                 ","39612 BANYAN TREE RD                    ","               ","FREMONT                     ","ALAMEDA                  ",CA,94538
936,1315899225_test.csv,"5106565710",510,"FINNEY              ","ALBERT              ","39333 SUNDALE DR                        ","               ","FREMONT                     ","ALAMEDA                  ",CA,94538
750,1315899202_test.csv,"5106238281",510,"RAY                 ","LEE                 ","39612 BANYAN TREE RD                    ","               ","FREMONT                     ","ALAMEDA                  ",CA,94538
737,1315899202_test.csv,"5106565710",510,"FINNEY              ","ALBERT              ","39333 SUNDALE DR                        ","               ","FREMONT                     ","ALAMEDA                  ",CA,94538
806,1315899225_test.csv,"6503438036",650,"LOTTA               ","WILLIAMS            ","921 LINDEN AVE                          ","               ","BURLINGAME                  ","SAN MATEO                ",AL,94010
764,1315899225_test.csv,"6503459698",650,"KIMBERLY            ","STEVENS             ","1288 E HILLSDALE BLVD                   ","               ","FOSTER CITY                 ","SAN MATEO                ",AL,94404
1403,1315899355_test.csv,"6503438036",650,"LOTTA               ","WILLIAMS            ","921 LINDEN AVE                          ","               ","BURLINGAME                  ","SAN MATEO                ",AL,94010
1361,1315899355_test.csv,"6503459698",650,"KIMBERLY            ","STEVENS             ","1288 E HILLSDALE BLVD                   ","               ","FOSTER CITY                 ","SAN MATEO                ",AL,94404
565,1315899202_test.csv,"6503459698",650,"KIMBERLY            ","STEVENS             ","1288 E HILLSDALE BLVD                   ","               ","FOSTER CITY                 ","SAN MATEO                ",AL,94404
607,1315899202_test.csv,"6503438036",650,"LOTTA               ","WILLIAMS            ","921 LINDEN AVE                          ","               ","BURLINGAME                  ","SAN MATEO                ",AL,94010
